{
  "Dubai Museum": [
    25.2635211,
    55.2971826
  ],
  "Dubai Creek Golf & Yacht Club": [
    25.2416922,
    55.3333163
  ],
  "The Theatre at Mall of the Emirates": [
    NaN,
    NaN
  ],
  "Ras Al Khor Wildlife Sanctuary": [
    25.1917984,
    55.3220824
  ],
  "Wild Wadi Waterpark": [
    25.1396485,
    55.189428
  ],
  "Etihad Museum": [
    25.2414327,
    55.269331
  ],
  "Dubai Marina": [
    25.0786415,
    55.1352524
  ],
  "Dubai Ladies Club": [
    NaN,
    NaN
  ],
  "Dubai Miracle Garden": [
    25.0597234,
    55.2445979
  ],
  "Dubai Gold Souk": [
    25.2700589,
    55.298092
  ],
  "City Walk": [
    25.2081589,
    55.2618737
  ],
  "The Dubai Mall": [
    25.197044,
    55.2789516
  ],
  "Al Habtoor City": [
    25.1831798,
    55.2558165
  ],
  "Dubai Design District": [
    25.1883374,
    55.2974839
  ],
  "The Lost Chambers Aquarium": [
    25.1321,
    55.1174
  ],
  "Sky Views Observatory": [
    25.2038,
    55.2719
  ],
  "Green Planet Dubai": [
    25.2061841,
    55.2605043
  ],
  "Dubai Silicon Oasis": [
    25.1205792,
    55.3886553
  ],
  "Al Barsha Pond Park": [
    25.1012524,
    55.2028233
  ],
  "Spice Souk": [
    25.2676172,
    55.2971349
  ],
  "Souk Madinat Jumeirah": [
    25.1334241,
    55.1857858
  ],
  "Textile Souk": [
    25.2641413,
    55.296206
  ],
  "Dubai Outlet Mall": [
    25.0724299,
    55.4005511
  ],
  "IMG Worlds of Adventure": [
    25.0813943,
    55.3181342
  ],
  "Burj Khalifa: The Top": [
    25.1972,
    55.2744
  ],
  "Dubai International Financial Centre": [
    25.2134877,
    55.2813591
  ],
  "Wafi Mall": [
    25.22876,
    55.3192275
  ],
  "Dubai Studio City": [
    25.0415641,
    55.2522587
  ],
  "Dubai Marina Yacht Club": [
    25.0723326,
    55.1359834
  ],
  "Motiongate Dubai": [
    24.9216634,
    55.0028777
  ],
  "Dubai Hills Golf Club": [
    25.1213955,
    55.2643363
  ],
  "JBR Walk": [
    25.0729189,
    55.1292518
  ],
  "The Green Planet": [
    25.2061841,
    55.2605043
  ],
  "Bluewaters Island": [
    25.082916,
    55.122156
  ],
  "Dubai Silicon Park": [
    25.1226398,
    55.3960783
  ],
  "Al Fahidi Historical District": [
    25.2637,
    55.2994
  ],
  "Al Mamzar Beach Park": [
    25.3226994,
    55.3473626
  ],
  "Dubai Hills Mall": [
    25.1016705,
    55.2399292
  ],
  "Meydan Racecourse": [
    25.1576344,
    55.3031944
  ],
  "Mall of the Emirates": [
    25.1212029,
    55.2004469
  ],
  "Aquaventure Waterpark": [
    25.134599,
    55.1220701
  ],
  "Al Marmoom Desert Conservation": [
    24.8451738,
    55.3512575
  ],
  "The Walk at JBR": [
    25.079195,
    55.1354936
  ],
  "Jumeirah Beach": [
    25.1850059,
    55.223492
  ],
  "Ski Dubai": [
    25.1173913,
    55.1982186
  ],
  "Dubai Frame Plaza": [
    25.2356,
    55.2982
  ],
  "Dubai Opera Garden": [
    25.1952607,
    55.2733253
  ],
  "Dubai Desert Conservation Reserve": [
    24.8765,
    55.5775
  ],
  "Dubai Creek": [
    25.2515527,
    55.3217467
  ],
  "Dragon Mart": [
    25.1753774,
    55.4107385
  ],
  "Dubai World Trade Centre": [
    25.2241979,
    55.2864678
  ],
  "Dubai Offshore Sailing Club": [
    25.1748898,
    55.2172922
  ],
  "Dubai Butterfly Garden": [
    25.0620564,
    55.2462541
  ],
  "Dubai Water Canal": [
    25.1884394,
    55.2473226
  ],
  "Dubai Sports City": [
    25.0321379,
    55.219353
  ],
  "Dubai Expo City": [
    24.9634934,
    55.1460846
  ],
  "Hatta Wadi Hub": [
    24.8139804,
    56.1598617
  ],
  "Coca-Cola Arena": [
    25.2036463,
    55.2658062
  ],
  "La Mer Beach": [
    25.2316202,
    55.2591749
  ],
  "Jumeirah Fishing Harbour": [
    25.2115199,
    55.2448126
  ],
  "The Pointe": [
    25.1272619,
    55.1214694
  ],
  "Hatta Heritage Village": [
    24.7959188,
    56.119184
  ],
  "Dubai Marina Mall": [
    25.0766361,
    55.1402187
  ],
  "Al Qudra Lake": [
    24.8346594,
    55.3742798
  ],
  "Palm Jumeirah": [
    25.1180879,
    55.1342009
  ],
  "Dubai Frame Garden": [
    25.2342,
    55.3015
  ],
  "Legoland Dubai": [
    24.9188167,
    55.0121902
  ],
  "Global Village": [
    25.0681458,
    55.3073078
  ],
  "Boxpark": [
    25.1993411,
    55.2487901
  ],
  "Mirdif City Centre": [
    25.2173429,
    55.4071287
  ],
  "Dubai Media City": [
    25.0935245,
    55.1515716
  ],
  "Emirates Golf Club": [
    25.0879155,
    55.1575394
  ],
  "Dubai Safari Park": [
    25.1793246,
    55.4515731
  ],
  "Zabeel Park": [
    25.2352957,
    55.2979262
  ],
  "Dubai Festival City Mall": [
    25.2216006,
    55.3574733
  ],
  "Burj Al Arab": [
    25.1413271,
    55.1853967
  ],
  "Jumeirah Golf Estates": [
    25.0177925,
    55.1633352
  ],
  "Al Seef": [
    25.2638784,
    55.3039617
  ],
  "Dubai Dolphinarium": [
    25.2346166,
    55.3267901
  ],
  "Alserkal Avenue": [
    25.1418676,
    55.2255782
  ],
  "Ibn Battuta Mall": [
    25.0445796,
    55.1205767
  ],
  "Al Qasr Beach": [
    25.11236,
    55.16876
  ],
  "Dubai Maritime City": [
    25.262151,
    55.2653704
  ],
  "Hatta Dam": [
    24.7836254,
    56.1144855
  ],
  "Ain Dubai": [
    25.080052,
    55.1237893
  ],
  "Dubai Creek Harbour": [
    25.1981072,
    55.3618483
  ],
  "Dubai Frame": [
    25.235456,
    55.3003671
  ],
  "Dubai Garden Glow": [
    25.2290263,
    55.2960926
  ],
  "Dubai Festival Plaza": [
    25.0201,
    55.1428
  ],
  "Dubai Aquarium & Underwater Zoo": [
    25.1977146,
    55.2788456
  ],
  "The Beach at JBR": [
    25.079195,
    55.1354936
  ],
  "Al Khawaneej Walk": [
    25.2282,
    55.4649
  ],
  "Dubai Parks and Resorts": [
    24.9198548,
    55.00868
  ],
  "Dubai Autodrome": [
    25.0501582,
    55.2363423
  ],
  "Mushrif Park": [
    25.2159956,
    55.4607436
  ],
  "Dubai Opera": [
    25.1956562,
    55.2719522
  ],
  "Dubai Investments Park": [
    24.9779669,
    55.1911925
  ],
  "Jumeirah Mosque": [
    25.2340631,
    55.2654821
  ],
  "Dubai College of Tourism": [
    25.2278,
    55.292
  ]
}